<?xml version="1.0" encoding="utf-8"?>
<metro>
	<stations>
		<station name="aacd-servidor" idNode="12810928946"/>
		<station name="adolfo-pinheiro" idNode="12810928947"/>
		<station name="alto-da-boa-vista" idNode="12810928948"/>
		<station name="alto-do-ipiranga" idNode="12810928949"/>
		<station name="ana-rosa" idNode="12810928950"/>
		<station name="anhangabau" idNode="12810928951"/>
		<station name="armenia" idNode="12810928952"/>
		<station name="artur-alvim" idNode="12810928953"/>
		<station name="belem" idNode="12810928954"/>
		<station name="borba-gato" idNode="12810928955"/>
		<station name="bras" idNode="12810928956"/>
		<station name="bresser-mooca" idNode="12810928957"/>
		<station name="brigadeiro" idNode="12810928958"/>
		<station name="brooklin" idNode="12810928959"/>
		<station name="butanta" idNode="12810928960"/>
		<station name="camilo-haddad" idNode="12810928961"/>
		<station name="campo-limpo" idNode="12810928962"/>
		<station name="capao-redondo" idNode="12810928963"/>
		<station name="carandiru" idNode="12810928964"/>
		<station name="carrao" idNode="12810928965"/>
		<station name="chacara-klabin" idNode="12810928966"/>
		<station name="clinicas" idNode="12810928967"/>
		<station name="conceicao" idNode="12810928968"/>
		<station name="consolacao" idNode="12810928969"/>
		<station name="corinthians-itaquera" idNode="12810928970"/>
		<station name="eucaliptos" idNode="12810928971"/>
		<station name="faria-lima" idNode="12810928972"/>
		<station name="fradique-coutinho" idNode="12810928973"/>
		<station name="giovanni-gronchi" idNode="12810928974"/>
		<station name="guilhermina-esperanca" idNode="12810928975"/>
		<station name="higienopolis-mackenzie" idNode="12810928976"/>
		<station name="hospital-sao-paulo" idNode="12810928977"/>
		<station name="jabaquara" idNode="12810928978"/>
		<station name="japao-liberdade" idNode="12810928979"/>
		<station name="jardim-sao-paulo-ayrton-senna" idNode="12810928980"/>
		<station name="largo-treze" idNode="12810928981"/>
		<station name="luz" idNode="12810928982"/>
		<station name="marechal-deodoro" idNode="12810928983"/>
		<station name="moema" idNode="12810928984"/>
		<station name="oratorio" idNode="12810928985"/>
		<station name="oscar-freire" idNode="12810928986"/>
		<station name="palmeiras-barra-funda" idNode="12810928987"/>
		<station name="parada-inglesa" idNode="12810928988"/>
		<station name="paraiso" idNode="12810928989"/>
		<station name="patriarca-vila-re" idNode="12810928990"/>
		<station name="paulista" idNode="12810928991"/>
		<station name="pedro-ii" idNode="12810928992"/>
		<station name="penha" idNode="12810928993"/>
		<station name="pinheiros" idNode="12810928994"/>
		<station name="portuguesa-tiete" idNode="12810928995"/>
		<station name="praca-da-arvore" idNode="12810928996"/>
		<station name="republica" idNode="12810928997"/>
		<station name="sacoma" idNode="12810928998"/>
		<station name="santa-cecilia" idNode="12810928999"/>
		<station name="santa-cruz" idNode="12810929000"/>
		<station name="santana" idNode="12810929001"/>
		<station name="santo-amaro" idNode="12810929002"/>
		<station name="santos-imigrantes" idNode="12810929003"/>
		<station name="santuario-nossa-senhora-de-fatima-sumare" idNode="12810929004"/>
		<station name="sao-bento" idNode="12810929005"/>
		<station name="sao-joaquim" idNode="12810929006"/>
		<station name="sao-judas" idNode="12810929007"/>
		<station name="sao-lucas" idNode="12810929008"/>
		<station name="sao-paulo-morumbi" idNode="12810929009"/>
		<station name="saude" idNode="12810929010"/>
		<station name="se" idNode="12810929011"/>
		<station name="tamanduatei" idNode="12810929012"/>
		<station name="tatuape" idNode="12810929013"/>
		<station name="tiradentes" idNode="12810929014"/>
		<station name="trianon-masp" idNode="12810929015"/>
		<station name="tucuruvi" idNode="12810929016"/>
		<station name="vergueiro" idNode="12810929017"/>
		<station name="vila-das-belezas" idNode="12810929018"/>
		<station name="vila-madalena" idNode="12810929019"/>
		<station name="vila-mariana" idNode="12810929020"/>
		<station name="vila-matilde" idNode="12810929021"/>
		<station name="vila-prudente" idNode="12810929022"/>
		<station name="vila-tolstoi" idNode="12810929023"/>
		<station name="vila-uniao" idNode="12810929024"/>
	</stations>
	<links>
		<link nameOrigin="aacd-servidor" nameDestination="moema" idOrigin="12810928946" idDestination="12810928984"/>
		<link nameOrigin="aacd-servidor" nameDestination="hospital-sao-paulo" idOrigin="12810928946" idDestination="12810928977"/>
		<link nameOrigin="adolfo-pinheiro" nameDestination="largo-treze" idOrigin="12810928947" idDestination="12810928981"/>
		<link nameOrigin="adolfo-pinheiro" nameDestination="alto-da-boa-vista" idOrigin="12810928947" idDestination="12810928948"/>
		<link nameOrigin="alto-da-boa-vista" nameDestination="adolfo-pinheiro" idOrigin="12810928948" idDestination="12810928947"/>
		<link nameOrigin="alto-da-boa-vista" nameDestination="borba-gato" idOrigin="12810928948" idDestination="12810928955"/>
		<link nameOrigin="alto-do-ipiranga" nameDestination="santos-imigrantes" idOrigin="12810928949" idDestination="12810929003"/>
		<link nameOrigin="alto-do-ipiranga" nameDestination="sacoma" idOrigin="12810928949" idDestination="12810928998"/>
		<link nameOrigin="ana-rosa" nameDestination="paraiso" idOrigin="12810928950" idDestination="12810928989"/>
		<link nameOrigin="ana-rosa" nameDestination="vila-mariana" idOrigin="12810928950" idDestination="12810929020"/>
		<link nameOrigin="ana-rosa" nameDestination="chacara-klabin" idOrigin="12810928950" idDestination="12810928966"/>
		<link nameOrigin="anhangabau" nameDestination="se" idOrigin="12810928951" idDestination="12810929011"/>
		<link nameOrigin="anhangabau" nameDestination="republica" idOrigin="12810928951" idDestination="12810928997"/>
		<link nameOrigin="armenia" nameDestination="portuguesa-tiete" idOrigin="12810928952" idDestination="12810928995"/>
		<link nameOrigin="armenia" nameDestination="tiradentes" idOrigin="12810928952" idDestination="12810929014"/>
		<link nameOrigin="artur-alvim" nameDestination="corinthians-itaquera" idOrigin="12810928953" idDestination="12810928970"/>
		<link nameOrigin="artur-alvim" nameDestination="patriarca-vila-re" idOrigin="12810928953" idDestination="12810928990"/>
		<link nameOrigin="belem" nameDestination="tatuape" idOrigin="12810928954" idDestination="12810929013"/>
		<link nameOrigin="belem" nameDestination="bresser-mooca" idOrigin="12810928954" idDestination="12810928957"/>
		<link nameOrigin="borba-gato" nameDestination="alto-da-boa-vista" idOrigin="12810928955" idDestination="12810928948"/>
		<link nameOrigin="borba-gato" nameDestination="brooklin" idOrigin="12810928955" idDestination="12810928959"/>
		<link nameOrigin="bras" nameDestination="bresser-mooca" idOrigin="12810928956" idDestination="12810928957"/>
		<link nameOrigin="bras" nameDestination="pedro-ii" idOrigin="12810928956" idDestination="12810928992"/>
		<link nameOrigin="bresser-mooca" nameDestination="belem" idOrigin="12810928957" idDestination="12810928954"/>
		<link nameOrigin="bresser-mooca" nameDestination="bras" idOrigin="12810928957" idDestination="12810928956"/>
		<link nameOrigin="brigadeiro" nameDestination="trianon-masp" idOrigin="12810928958" idDestination="12810929015"/>
		<link nameOrigin="brigadeiro" nameDestination="paraiso" idOrigin="12810928958" idDestination="12810928989"/>
		<link nameOrigin="brooklin" nameDestination="borba-gato" idOrigin="12810928959" idDestination="12810928955"/>
		<link nameOrigin="brooklin" nameDestination="eucaliptos" idOrigin="12810928959" idDestination="12810928971"/>
		<link nameOrigin="butanta" nameDestination="sao-paulo-morumbi" idOrigin="12810928960" idDestination="12810929009"/>
		<link nameOrigin="butanta" nameDestination="pinheiros" idOrigin="12810928960" idDestination="12810928994"/>
		<link nameOrigin="camilo-haddad" nameDestination="sao-lucas" idOrigin="12810928961" idDestination="12810929008"/>
		<link nameOrigin="camilo-haddad" nameDestination="vila-tolstoi" idOrigin="12810928961" idDestination="12810929023"/>
		<link nameOrigin="campo-limpo" nameDestination="capao-redondo" idOrigin="12810928962" idDestination="12810928963"/>
		<link nameOrigin="campo-limpo" nameDestination="vila-das-belezas" idOrigin="12810928962" idDestination="12810929018"/>
		<link nameOrigin="capao-redondo" nameDestination="campo-limpo" idOrigin="12810928963" idDestination="12810928962"/>
		<link nameOrigin="carandiru" nameDestination="santana" idOrigin="12810928964" idDestination="12810929001"/>
		<link nameOrigin="carandiru" nameDestination="portuguesa-tiete" idOrigin="12810928964" idDestination="12810928995"/>
		<link nameOrigin="carrao" nameDestination="penha" idOrigin="12810928965" idDestination="12810928993"/>
		<link nameOrigin="carrao" nameDestination="tatuape" idOrigin="12810928965" idDestination="12810929013"/>
		<link nameOrigin="chacara-klabin" nameDestination="santa-cruz" idOrigin="12810928966" idDestination="12810929000"/>
		<link nameOrigin="chacara-klabin" nameDestination="ana-rosa" idOrigin="12810928966" idDestination="12810928950"/>
		<link nameOrigin="chacara-klabin" nameDestination="santos-imigrantes" idOrigin="12810928966" idDestination="12810929003"/>
		<link nameOrigin="clinicas" nameDestination="santuario-nossa-senhora-de-fatima-sumare" idOrigin="12810928967" idDestination="12810929004"/>
		<link nameOrigin="clinicas" nameDestination="consolacao" idOrigin="12810928967" idDestination="12810928969"/>
		<link nameOrigin="conceicao" nameDestination="sao-judas" idOrigin="12810928968" idDestination="12810929007"/>
		<link nameOrigin="conceicao" nameDestination="jabaquara" idOrigin="12810928968" idDestination="12810928978"/>
		<link nameOrigin="consolacao" nameDestination="clinicas" idOrigin="12810928969" idDestination="12810928967"/>
		<link nameOrigin="consolacao" nameDestination="trianon-masp" idOrigin="12810928969" idDestination="12810929015"/>
		<link nameOrigin="corinthians-itaquera" nameDestination="artur-alvim" idOrigin="12810928970" idDestination="12810928953"/>
		<link nameOrigin="eucaliptos" nameDestination="brooklin" idOrigin="12810928971" idDestination="12810928959"/>
		<link nameOrigin="eucaliptos" nameDestination="moema" idOrigin="12810928971" idDestination="12810928984"/>
		<link nameOrigin="faria-lima" nameDestination="pinheiros" idOrigin="12810928972" idDestination="12810928994"/>
		<link nameOrigin="faria-lima" nameDestination="fradique-coutinho" idOrigin="12810928972" idDestination="12810928973"/>
		<link nameOrigin="fradique-coutinho" nameDestination="faria-lima" idOrigin="12810928973" idDestination="12810928972"/>
		<link nameOrigin="fradique-coutinho" nameDestination="oscar-freire" idOrigin="12810928973" idDestination="12810928986"/>
		<link nameOrigin="giovanni-gronchi" nameDestination="vila-das-belezas" idOrigin="12810928974" idDestination="12810929018"/>
		<link nameOrigin="giovanni-gronchi" nameDestination="santo-amaro" idOrigin="12810928974" idDestination="12810929002"/>
		<link nameOrigin="guilhermina-esperanca" nameDestination="patriarca-vila-re" idOrigin="12810928975" idDestination="12810928990"/>
		<link nameOrigin="guilhermina-esperanca" nameDestination="vila-matilde" idOrigin="12810928975" idDestination="12810929021"/>
		<link nameOrigin="higienopolis-mackenzie" nameDestination="paulista" idOrigin="12810928976" idDestination="12810928991"/>
		<link nameOrigin="higienopolis-mackenzie" nameDestination="republica" idOrigin="12810928976" idDestination="12810928997"/>
		<link nameOrigin="hospital-sao-paulo" nameDestination="aacd-servidor" idOrigin="12810928977" idDestination="12810928946"/>
		<link nameOrigin="hospital-sao-paulo" nameDestination="santa-cruz" idOrigin="12810928977" idDestination="12810929000"/>
		<link nameOrigin="jabaquara" nameDestination="conceicao" idOrigin="12810928978" idDestination="12810928968"/>
		<link nameOrigin="japao-liberdade" nameDestination="se" idOrigin="12810928979" idDestination="12810929011"/>
		<link nameOrigin="japao-liberdade" nameDestination="sao-joaquim" idOrigin="12810928979" idDestination="12810929006"/>
		<link nameOrigin="jardim-sao-paulo-ayrton-senna" nameDestination="parada-inglesa" idOrigin="12810928980" idDestination="12810928988"/>
		<link nameOrigin="jardim-sao-paulo-ayrton-senna" nameDestination="santana" idOrigin="12810928980" idDestination="12810929001"/>
		<link nameOrigin="largo-treze" nameDestination="santo-amaro" idOrigin="12810928981" idDestination="12810929002"/>
		<link nameOrigin="largo-treze" nameDestination="adolfo-pinheiro" idOrigin="12810928981" idDestination="12810928947"/>
		<link nameOrigin="luz" nameDestination="republica" idOrigin="12810928982" idDestination="12810928997"/>
		<link nameOrigin="luz" nameDestination="tiradentes" idOrigin="12810928982" idDestination="12810929014"/>
		<link nameOrigin="luz" nameDestination="sao-bento" idOrigin="12810928982" idDestination="12810929005"/>
		<link nameOrigin="marechal-deodoro" nameDestination="santa-cecilia" idOrigin="12810928983" idDestination="12810928999"/>
		<link nameOrigin="marechal-deodoro" nameDestination="palmeiras-barra-funda" idOrigin="12810928983" idDestination="12810928987"/>
		<link nameOrigin="moema" nameDestination="eucaliptos" idOrigin="12810928984" idDestination="12810928971"/>
		<link nameOrigin="moema" nameDestination="aacd-servidor" idOrigin="12810928984" idDestination="12810928946"/>
		<link nameOrigin="oratorio" nameDestination="vila-prudente" idOrigin="12810928985" idDestination="12810929022"/>
		<link nameOrigin="oratorio" nameDestination="sao-lucas" idOrigin="12810928985" idDestination="12810929008"/>
		<link nameOrigin="oscar-freire" nameDestination="fradique-coutinho" idOrigin="12810928986" idDestination="12810928973"/>
		<link nameOrigin="oscar-freire" nameDestination="paulista" idOrigin="12810928986" idDestination="12810928991"/>
		<link nameOrigin="palmeiras-barra-funda" nameDestination="marechal-deodoro" idOrigin="12810928987" idDestination="12810928983"/>
		<link nameOrigin="parada-inglesa" nameDestination="tucuruvi" idOrigin="12810928988" idDestination="12810929016"/>
		<link nameOrigin="parada-inglesa" nameDestination="jardim-sao-paulo-ayrton-senna" idOrigin="12810928988" idDestination="12810928980"/>
		<link nameOrigin="paraiso" nameDestination="vergueiro" idOrigin="12810928989" idDestination="12810929017"/>
		<link nameOrigin="paraiso" nameDestination="ana-rosa" idOrigin="12810928989" idDestination="12810928950"/>
		<link nameOrigin="paraiso" nameDestination="brigadeiro" idOrigin="12810928989" idDestination="12810928958"/>
		<link nameOrigin="patriarca-vila-re" nameDestination="artur-alvim" idOrigin="12810928990" idDestination="12810928953"/>
		<link nameOrigin="patriarca-vila-re" nameDestination="guilhermina-esperanca" idOrigin="12810928990" idDestination="12810928975"/>
		<link nameOrigin="paulista" nameDestination="oscar-freire" idOrigin="12810928991" idDestination="12810928986"/>
		<link nameOrigin="paulista" nameDestination="higienopolis-mackenzie" idOrigin="12810928991" idDestination="12810928976"/>
		<link nameOrigin="pedro-ii" nameDestination="bras" idOrigin="12810928992" idDestination="12810928956"/>
		<link nameOrigin="pedro-ii" nameDestination="se" idOrigin="12810928992" idDestination="12810929011"/>
		<link nameOrigin="penha" nameDestination="vila-matilde" idOrigin="12810928993" idDestination="12810929021"/>
		<link nameOrigin="penha" nameDestination="carrao" idOrigin="12810928993" idDestination="12810928965"/>
		<link nameOrigin="pinheiros" nameDestination="butanta" idOrigin="12810928994" idDestination="12810928960"/>
		<link nameOrigin="pinheiros" nameDestination="faria-lima" idOrigin="12810928994" idDestination="12810928972"/>
		<link nameOrigin="portuguesa-tiete" nameDestination="carandiru" idOrigin="12810928995" idDestination="12810928964"/>
		<link nameOrigin="portuguesa-tiete" nameDestination="armenia" idOrigin="12810928995" idDestination="12810928952"/>
		<link nameOrigin="praca-da-arvore" nameDestination="santa-cruz" idOrigin="12810928996" idDestination="12810929000"/>
		<link nameOrigin="praca-da-arvore" nameDestination="saude" idOrigin="12810928996" idDestination="12810929010"/>
		<link nameOrigin="republica" nameDestination="higienopolis-mackenzie" idOrigin="12810928997" idDestination="12810928976"/>
		<link nameOrigin="republica" nameDestination="luz" idOrigin="12810928997" idDestination="12810928982"/>
		<link nameOrigin="republica" nameDestination="anhangabau" idOrigin="12810928997" idDestination="12810928951"/>
		<link nameOrigin="republica" nameDestination="santa-cecilia" idOrigin="12810928997" idDestination="12810928999"/>
		<link nameOrigin="sacoma" nameDestination="alto-do-ipiranga" idOrigin="12810928998" idDestination="12810928949"/>
		<link nameOrigin="sacoma" nameDestination="tamanduatei" idOrigin="12810928998" idDestination="12810929012"/>
		<link nameOrigin="santa-cecilia" nameDestination="republica" idOrigin="12810928999" idDestination="12810928997"/>
		<link nameOrigin="santa-cecilia" nameDestination="marechal-deodoro" idOrigin="12810928999" idDestination="12810928983"/>
		<link nameOrigin="santa-cruz" nameDestination="vila-mariana" idOrigin="12810929000" idDestination="12810929020"/>
		<link nameOrigin="santa-cruz" nameDestination="praca-da-arvore" idOrigin="12810929000" idDestination="12810928996"/>
		<link nameOrigin="santa-cruz" nameDestination="hospital-sao-paulo" idOrigin="12810929000" idDestination="12810928977"/>
		<link nameOrigin="santa-cruz" nameDestination="chacara-klabin" idOrigin="12810929000" idDestination="12810928966"/>
		<link nameOrigin="santana" nameDestination="jardim-sao-paulo-ayrton-senna" idOrigin="12810929001" idDestination="12810928980"/>
		<link nameOrigin="santana" nameDestination="carandiru" idOrigin="12810929001" idDestination="12810928964"/>
		<link nameOrigin="santo-amaro" nameDestination="giovanni-gronchi" idOrigin="12810929002" idDestination="12810928974"/>
		<link nameOrigin="santo-amaro" nameDestination="largo-treze" idOrigin="12810929002" idDestination="12810928981"/>
		<link nameOrigin="santos-imigrantes" nameDestination="chacara-klabin" idOrigin="12810929003" idDestination="12810928966"/>
		<link nameOrigin="santos-imigrantes" nameDestination="alto-do-ipiranga" idOrigin="12810929003" idDestination="12810928949"/>
		<link nameOrigin="santuario-nossa-senhora-de-fatima-sumare" nameDestination="vila-madalena" idOrigin="12810929004" idDestination="12810929019"/>
		<link nameOrigin="santuario-nossa-senhora-de-fatima-sumare" nameDestination="clinicas" idOrigin="12810929004" idDestination="12810928967"/>
		<link nameOrigin="sao-bento" nameDestination="luz" idOrigin="12810929005" idDestination="12810928982"/>
		<link nameOrigin="sao-bento" nameDestination="se" idOrigin="12810929005" idDestination="12810929011"/>
		<link nameOrigin="sao-joaquim" nameDestination="japao-liberdade" idOrigin="12810929006" idDestination="12810928979"/>
		<link nameOrigin="sao-joaquim" nameDestination="vergueiro" idOrigin="12810929006" idDestination="12810929017"/>
		<link nameOrigin="sao-judas" nameDestination="saude" idOrigin="12810929007" idDestination="12810929010"/>
		<link nameOrigin="sao-judas" nameDestination="conceicao" idOrigin="12810929007" idDestination="12810928968"/>
		<link nameOrigin="sao-lucas" nameDestination="oratorio" idOrigin="12810929008" idDestination="12810928985"/>
		<link nameOrigin="sao-lucas" nameDestination="camilo-haddad" idOrigin="12810929008" idDestination="12810928961"/>
		<link nameOrigin="sao-paulo-morumbi" nameDestination="butanta" idOrigin="12810929009" idDestination="12810928960"/>
		<link nameOrigin="saude" nameDestination="praca-da-arvore" idOrigin="12810929010" idDestination="12810928996"/>
		<link nameOrigin="saude" nameDestination="sao-judas" idOrigin="12810929010" idDestination="12810929007"/>
		<link nameOrigin="se" nameDestination="sao-bento" idOrigin="12810929011" idDestination="12810929005"/>
		<link nameOrigin="se" nameDestination="japao-liberdade" idOrigin="12810929011" idDestination="12810928979"/>
		<link nameOrigin="se" nameDestination="pedro-ii" idOrigin="12810929011" idDestination="12810928992"/>
		<link nameOrigin="se" nameDestination="anhangabau" idOrigin="12810929011" idDestination="12810928951"/>
		<link nameOrigin="tamanduatei" nameDestination="sacoma" idOrigin="12810929012" idDestination="12810928998"/>
		<link nameOrigin="tamanduatei" nameDestination="vila-prudente" idOrigin="12810929012" idDestination="12810929022"/>
		<link nameOrigin="tatuape" nameDestination="carrao" idOrigin="12810929013" idDestination="12810928965"/>
		<link nameOrigin="tatuape" nameDestination="belem" idOrigin="12810929013" idDestination="12810928954"/>
		<link nameOrigin="tiradentes" nameDestination="armenia" idOrigin="12810929014" idDestination="12810928952"/>
		<link nameOrigin="tiradentes" nameDestination="luz" idOrigin="12810929014" idDestination="12810928982"/>
		<link nameOrigin="trianon-masp" nameDestination="consolacao" idOrigin="12810929015" idDestination="12810928969"/>
		<link nameOrigin="trianon-masp" nameDestination="brigadeiro" idOrigin="12810929015" idDestination="12810928958"/>
		<link nameOrigin="tucuruvi" nameDestination="parada-inglesa" idOrigin="12810929016" idDestination="12810928988"/>
		<link nameOrigin="vergueiro" nameDestination="sao-joaquim" idOrigin="12810929017" idDestination="12810929006"/>
		<link nameOrigin="vergueiro" nameDestination="paraiso" idOrigin="12810929017" idDestination="12810928989"/>
		<link nameOrigin="vila-das-belezas" nameDestination="campo-limpo" idOrigin="12810929018" idDestination="12810928962"/>
		<link nameOrigin="vila-das-belezas" nameDestination="giovanni-gronchi" idOrigin="12810929018" idDestination="12810928974"/>
		<link nameOrigin="vila-madalena" nameDestination="santuario-nossa-senhora-de-fatima-sumare" idOrigin="12810929019" idDestination="12810929004"/>
		<link nameOrigin="vila-mariana" nameDestination="ana-rosa" idOrigin="12810929020" idDestination="12810928950"/>
		<link nameOrigin="vila-mariana" nameDestination="santa-cruz" idOrigin="12810929020" idDestination="12810929000"/>
		<link nameOrigin="vila-matilde" nameDestination="guilhermina-esperanca" idOrigin="12810929021" idDestination="12810928975"/>
		<link nameOrigin="vila-matilde" nameDestination="penha" idOrigin="12810929021" idDestination="12810928993"/>
		<link nameOrigin="vila-prudente" nameDestination="oratorio" idOrigin="12810929022" idDestination="12810928985"/>
		<link nameOrigin="vila-prudente" nameDestination="tamanduatei" idOrigin="12810929022" idDestination="12810929012"/>
		<link nameOrigin="vila-tolstoi" nameDestination="camilo-haddad" idOrigin="12810929023" idDestination="12810928961"/>
		<link nameOrigin="vila-tolstoi" nameDestination="vila-uniao" idOrigin="12810929023" idDestination="12810929024"/>
		<link nameOrigin="vila-uniao" nameDestination="vila-tolstoi" idOrigin="12810929024" idDestination="12810929023"/>
	</links>
</metro>